# generated by causality-bench, do not edit by hand
# generated: 2026-09-12 12:42:19 UTC
# source: experiments/run_analysis.py
# machine: AMD Ryzen 7 4700U with Radeon Graphics, 8 cores, 15 GiB, Linux 6.8.0-138-generic, Python 3.12.3
# rows: 5
topology,seeds,events_mean,events_median,events_std,events_ci_low,events_ci_high,causal_density_mean,causal_density_median,causal_density_std,causal_density_ci_low,causal_density_ci_high,concurrency_ratio_mean,concurrency_ratio_median,concurrency_ratio_std,concurrency_ratio_ci_low,concurrency_ratio_ci_high,lamport_false_ordering_rate_mean,lamport_false_ordering_rate_median,lamport_false_ordering_rate_std,lamport_false_ordering_rate_ci_low,lamport_false_ordering_rate_ci_high,lamport_concurrency_recall_mean,lamport_concurrency_recall_median,lamport_concurrency_recall_std,lamport_concurrency_recall_ci_low,lamport_concurrency_recall_ci_high,lamport_order_precision_mean,lamport_order_precision_median,lamport_order_precision_std,lamport_order_precision_ci_low,lamport_order_precision_ci_high,mean_vector_nonzero_entries_mean,mean_vector_nonzero_entries_median,mean_vector_nonzero_entries_std,mean_vector_nonzero_entries_ci_low,mean_vector_nonzero_entries_ci_high,lamport_timestamp_bytes_mean,lamport_timestamp_bytes_median,lamport_timestamp_bytes_std,lamport_timestamp_bytes_ci_low,lamport_timestamp_bytes_ci_high,vector_timestamp_bytes_mean,vector_timestamp_bytes_median,vector_timestamp_bytes_std,vector_timestamp_bytes_ci_low,vector_timestamp_bytes_ci_high,lamport_message_metadata_bytes_mean,lamport_message_metadata_bytes_median,lamport_message_metadata_bytes_std,lamport_message_metadata_bytes_ci_low,lamport_message_metadata_bytes_ci_high,vector_message_metadata_bytes_mean,vector_message_metadata_bytes_median,vector_message_metadata_bytes_std,vector_message_metadata_bytes_ci_low,vector_message_metadata_bytes_ci_high,measured_lamport_retained_bytes_mean,measured_lamport_retained_bytes_median,measured_lamport_retained_bytes_std,measured_lamport_retained_bytes_ci_low,measured_lamport_retained_bytes_ci_high,measured_vector_retained_bytes_mean,measured_vector_retained_bytes_median,measured_vector_retained_bytes_std,measured_vector_retained_bytes_ci_low,measured_vector_retained_bytes_ci_high,lamport_receive_ns_mean,lamport_receive_ns_median,lamport_receive_ns_std,lamport_receive_ns_ci_low,lamport_receive_ns_ci_high,vector_receive_ns_mean,vector_receive_ns_median,vector_receive_ns_std,vector_receive_ns_ci_low,vector_receive_ns_ci_high,lamport_tick_ns_mean,lamport_tick_ns_median,lamport_tick_ns_std,lamport_tick_ns_ci_low,lamport_tick_ns_ci_high,vector_tick_ns_mean,vector_tick_ns_median,vector_tick_ns_std,vector_tick_ns_ci_low,vector_tick_ns_ci_high,simulation_seconds_mean,simulation_seconds_median,simulation_seconds_std,simulation_seconds_ci_low,simulation_seconds_ci_high
complete,30,40009.666666666664,40003.5,79.22918886254038,39980.082001335024,40039.251331998305,0.9401236787030871,0.9402156426739086,0.000587250498615368,0.9399043957630899,0.9403429616430843,0.05987632129691277,0.0597843573260914,0.0005872504986153568,0.05965703835691554,0.060095604236909995,0.9898087585104925,0.9897979393616453,0.00012753066446830798,0.9897611377777552,0.9898563792432299,0.010191241489507416,0.01020206063835465,0.00012753066446831367,0.01014362075677011,0.010238862222244722,0.9406976678588562,0.9407887630802928,0.0005859063414080883,0.9404788868354089,0.9409164488823035,31.05790314597437,31.0524492593247,0.04480930607688717,31.04117107610139,31.074635215847355,8.0,8.0,0.0,8.0,8.0,256.0,256.0,0.0,256.0,256.0,64077.333333333336,64028.0,633.833510900323,63840.65601068022,64314.01065598645,2050474.6666666667,2048896.0,20282.672348810334,2042900.992341767,2058048.3409915664,351008.0,351008.0,0.0,351008.0,351008.0,12193901.333333334,12192076.0,23451.839903311953,12185144.27239517,12202658.394271499,280.1539,280.61199999999997,7.2276698677806595,277.45504371690913,282.8527562830909,1321.6277999999998,1319.4584999999997,12.20979809222385,1317.068586463786,1326.1870135362135,123.09719999999999,122.55633333333334,4.358693475021546,121.46963710817946,124.72476289182052,198.49360000000004,198.35283333333334,3.292087193158215,197.26431443933203,199.72288556066806,0.31292849596708644,0.32555688049978926,0.020580043044328377,0.30524378159958837,0.3206132103345845
random,30,40009.666666666664,40003.5,79.22918886254038,39980.082001335024,40039.251331998305,0.9338559753816977,0.9339695093437306,0.0009581902729588762,0.933498181253593,0.9342137695098025,0.0661440246183023,0.06603049065626934,0.0009581902729588786,0.06578623049019754,0.06650181874640705,0.9909242680205389,0.9909506408141663,0.0001914740179211359,0.9908527704472174,0.9909957655938604,0.009075731979461045,0.00904935918583365,0.0001914740179211525,0.009004234406139556,0.009147229552782535,0.9344167760878819,0.9345285355279433,0.0009605229404123303,0.934058110927435,0.9347754412483288,30.948275331329956,30.953512386195104,0.054602769036377195,30.927886322287787,30.968664340372126,8.0,8.0,0.0,8.0,8.0,256.0,256.0,0.0,256.0,256.0,64077.333333333336,64028.0,633.833510900323,63840.65601068022,64314.01065598645,2050474.6666666667,2048896.0,20282.672348810334,2042900.992341767,2058048.3409915664,351008.0,351008.0,0.0,351008.0,351008.0,12193901.333333334,12192076.0,23451.839903311953,12185144.27239517,12202658.394271499,272.86850000000004,276.20550000000003,8.511591880209547,269.6902193583494,276.0467806416507,1304.1337777777778,1311.6003333333333,18.179856454746812,1297.345307812194,1310.9222477433616,119.75092222222223,120.24849999999999,3.2858570296087697,118.52396304285658,120.97788140158788,196.8347444444444,196.13066666666666,4.5174229732683395,195.14791098389398,198.5215779049948,0.31053769033339146,0.3186098409987608,0.02078278965823554,0.3027772691360535,0.3182981115307294
ring,30,40009.666666666664,40003.5,79.22918886254038,39980.082001335024,40039.251331998305,0.788588073887268,0.7884116859684649,0.003194042768329976,0.7873953987165058,0.7897807490580303,0.21141192611273193,0.211588314031535,0.0031940427683299828,0.2102192509419697,0.21260460128349418,0.9969745166884785,0.9969785477953157,5.438183640431651e-05,0.9969542101770369,0.99699482319992,0.0030254833115215336,0.00302145220468425,5.4381836404368704e-05,0.003005176800079967,0.0030457898229631,0.7890926829721635,0.7889201145985953,0.0031962318930538985,0.7878991903687952,0.7902861755755318,28.401767868459668,28.38886594202096,0.12801675770381699,28.353965625525188,28.44957011139415,8.0,8.0,0.0,8.0,8.0,256.0,256.0,0.0,256.0,256.0,64077.333333333336,64028.0,633.833510900323,63840.65601068022,64314.01065598645,2050474.6666666667,2048896.0,20282.672348810334,2042900.992341767,2058048.3409915664,351008.0,351008.0,0.0,351008.0,351008.0,12193901.333333334,12192076.0,23451.839903311953,12185144.27239517,12202658.394271499,271.8904777777778,269.9085,9.887789338248133,268.19831655990464,275.58263899565094,1303.0666888888888,1294.2713333333334,28.647296791281413,1292.3696124654937,1313.763765312284,119.00280000000001,118.71566666666668,4.42994531642473,117.34863123334421,120.65696876665581,196.34849999999997,195.11516666666665,5.271775381808795,194.3799867208223,198.31701327917764,0.30508147573345923,0.31491565699980123,0.02154000244156303,0.2970383066359951,0.31312464483092334
scale_free,30,40009.26666666667,40003.5,79.08831089067606,39979.73460603426,40038.79872729908,0.9124071476383587,0.9121127957128291,0.001960635310715397,0.911675034381393,0.9131392608953245,0.08759285236164131,0.08788720428717076,0.0019606353107154096,0.08686073910467555,0.08832496561860707,0.9948175975415198,0.9948107587178701,0.0005632529163255736,0.9946072754460169,0.9950279196370226,0.005182402458480267,0.0051892412821299,0.0005632529163255591,0.004972080362977406,0.005392724553983127,0.9128209628330428,0.9125454884754034,0.0019800056379952343,0.9120816165769997,0.9135603090890859,30.591798327826876,30.590094399675607,0.10386091067437835,30.55301602641178,30.630580629241972,8.0,8.0,0.0,8.0,8.0,256.0,256.0,0.0,256.0,256.0,64074.13333333333,64028.0,632.7064871254086,63837.87684827404,64310.38981839262,2050372.2666666666,2048896.0,20246.607588013074,2042812.0591447693,2057932.4741885639,351008.0,351008.0,0.0,351008.0,351008.0,12193782.933333334,12192076.0,23410.140023640113,12185041.44338614,12202524.423280528,276.73657777777777,278.29083333333335,7.288182198733874,274.0151258189594,279.45802973659613,1312.5319333333334,1307.1786666666667,20.412186316453834,1304.90989769812,1320.153968968547,121.59573333333333,121.16016666666667,3.480847073327512,120.29596367503636,122.8955029916303,195.8281333333333,195.40249999999997,4.655228621042824,194.08984239822396,197.56642426844266,0.3095707638334716,0.3182619024992164,0.019945141055481022,0.30212312576484907,0.3170184019020941
star,30,39998.0,39988.5,74.94687773855973,39970.014375921564,40025.985624078436,0.8146325420120589,0.8155941177316477,0.012359227389949863,0.8100175306590629,0.819247553365055,0.1853674579879412,0.18440588226835236,0.012359227389949858,0.1807524466349451,0.18998246934093727,0.9991980649821353,0.9991981498622268,6.0496139442318936e-05,0.9991754753524174,0.9992206546118532,0.0008019350178647633,0.0008018501377732,6.049613944229925e-05,0.0007793453881468351,0.0008245246475826916,0.8147531681647825,0.8157239361720323,0.012360464702617936,0.8101376947916431,0.8193686415379219,28.596957348040732,28.559547742345366,0.4883189607059015,28.41461605141781,28.779298644663655,8.0,8.0,0.0,8.0,8.0,256.0,256.0,0.0,256.0,256.0,63984.0,63908.0,599.5750219084779,63760.1150073725,64207.8849926275,2047488.0,2045056.0,19186.400701071292,2040323.68023592,2054652.31976408,351008.0,351008.0,0.0,351008.0,351008.0,12190448.0,12187636.0,22184.275810613683,12182164.255272783,12198731.744727217,275.80175555555553,278.7685,8.208473779734733,272.7366610727846,278.86685003832645,1317.9175444444445,1320.741,24.194393544150284,1308.8832094199183,1326.9518794689707,121.54934444444443,121.13516666666669,3.5226081317229565,120.23398095066509,122.86470793822377,198.01971111111112,197.6168333333333,6.545537606441776,195.57556720048484,200.4638550217374,0.305682589567247,0.29465370800062374,0.01951136456856869,0.2983969263008189,0.3129682528336751
